1 - AEGYPTOSAURUS - 001-aegyptosaurus.jpg
2 - AGNOSPHITYS - 002-agnosphitys.jpg
3 - AGROSAURUS - 003-agrosaurus.jpg
4 - ALASKACÉFALO - 004-alaskacephale.jpg
5 - ALBALOFOSAURUS - 005-albalophosaurus.jpg
6 - ALEXEYISAURUS - 006-alexeyisaurus.jpg
7 - ALIORAMUS - 007-alioramus.jpg
8 - ALWALKERIA - 008-alwalkeria.jpg
9 - AMTOCÉFALO - 009-amtocephale.jpg
10 - ANGATURAMA - 010-angaturama.jpg
11 - ANHANGUERA - 011-anhanguera.jpg
12 - ANTARCTOPELTA - 012-antarctopelta.jpg
13 - ASTRODON - 013-astrodon.jpg
14 - AUGUSTASAURUS - 014-augustasaurus.jpg
15 - AURORNIS - 015-aurornis.jpg
16 - BARILIUM - 016-barilium.jpg
17 - BEIPIAOSAURUS - 017-beipiaosaurus.jpg
18 - BISHANOPLIOSAURUS - 018-bishanopliosaurus.jpg
19 - CAMELOTIA - 019-camelotia.jpg
20 - CAMPYLOGNATHOIDES - 020-campylognathoides.jpg
21 - CARCHARODONTOSAURUS - 021-carcharodontosaurus.jpg
22 - CENTROSAURUS - 022-centrosaurus.jpg
23 - CETIOSAURUS - 023-cetiosaurus.jpg
24 - CHEBSAURUS - 024-chebsaurus.jpg
25 - CHINDESAURUS - 025-chindesaurus.jpg
26 - CHIROSTENOTES - 026-chirostenotes.jpg
27 - CLASMODOSAURUS - 027-clasmodosaurus.jpg
28 - COLEPIOCEPHALE - 028-colepiocephale.jpg
29 - COLORADISAURUS - 029-coloradisaurus.jpg
30 - DAANOSAURUS - 030-daanosaurus.jpg
31 - DEINONYCHUS - 031-deinonychus.jpg
32 - DIABLOCERATOPS - 032-diabloceratops.jpg
33 - DORYGNATHUS - 033-dorygnathus.jpg
34 - DRACOPELTA - 034-dracopelta.jpg
35 - DURIATITÁN - 035-duriatitan.jpg
36 - DURIAVENATOR - 036-duriavenator.jpg
37 - EDMARKA - 037-edmarka.jpg
38 - EDMONTONIA - 038-edmontonia.jpg
39 - EINIOSAURUS - 039-einiosaurus.jpg
40 - EOTIRANNUS - 040-eotyrannus.jpg
41 - EUDIMORPHODON - 041-eudimorphodon.jpg
42 - EUGONGBUSAURUS - 042-eugongbusaurus.jpg
43 - EUHELOPUS - 043-euhelopus.jpg
44 - EUSTREPTOSPONDYLUS - 044-eustreptospondylus.jpg
45 - FALCARIUS - 045-falcarius.jpg
46 - FUSUISAURUS - 046-fusuisaurus.jpg
47 - FUTALOGNKOSAURUS - 047-futalognkosaurus.jpg
48 - GARGOYLEOSAURUS - 048-gargoyleosaurus.jpg
49 - GNATOSAURUS - 049-gnathosaurus.jpg
50 - GOJIRASAURUS - 050-gojirasaurus.jpg
51 - GUANLONG - 051-guanlong.jpg
52 - HERRERASAURUS - 052-herrerasaurus.jpg
53 - ILIOSUCHUS - 053-iliosuchus.jpg
54 - ISANOSAURUS - 054-isanosaurus.jpg
55 - ISISAURUS - 055-isisaurus.jpg
56 - ISTEGOSAURUSI SKELETON IN THE EARTH HALL - 056-istegosaurusi skeleton in the earth hall.jpg
57 - KAATEDOCUS - 057-kaatedocus.jpg
58 - KILESKUS - 058-kileskus.jpg
59 - KUNBARRASAURUS - 059-kunbarrasaurus.jpg
60 - KUNPENGOPTERUS - 060-kunpengopterus.jpg
61 - LABOCANIA - 061-labocania.jpg
62 - LAMBEOSAURUS - 062-lambeosaurus.jpg
63 - LAQUINTASAURA - 063-laquintasaura.jpg
64 - MALARGUESAURUS - 064-malarguesaurus.jpg
65 - MALEEVUS - 065-maleevus.jpg
66 - MAMENCHISAURUS - 066-mamenchisaurus.jpg
67 - MEDUSACERATOPS - 067-medusaceratops.jpg
68 - MEGAPNOSAURUS - 068-megapnosaurus.jpg
69 - MELANOROSAURUS - 069-melanorosaurus.jpg
70 - MERCURICERATOPS - 070-mercuriceratops.jpg
71 - METRIACANTOSAURUS - 071-metriacanthosaurus.jpg
72 - MOJOCERATOPS - 072-mojoceratops.jpg
73 - MONGOLOSAURUS - 073-mongolosaurus.jpg
74 - MONONYKUS - 074-mononykus.jpg
75 - MUSSAURUS - 075-mussaurus.jpg
76 - MYTHUNGA - 076-mythunga.jpg
77 - NANOSAURUS - 077-nanosaurus.jpg
78 - NASUTOCERATOPS - 078-nasutoceratops.jpg
79 - NEWTONSAURUS - 079-newtonsaurus.jpg
80 - NYASASAURUS - 080-nyasasaurus.jpg
81 - OHMDENOSAURUS - 081-ohmdenosaurus.jpg
82 - ORNITOMIMUS - 082-ornithomimus.jpg
83 - OSTAFRIKASAURUS - 083-ostafrikasaurus.jpg
84 - PACHYSUCHUS - 084-pachysuchus.jpg
85 - PAMPADROMAEUS - 085-pampadromaeus.jpg
86 - PARVICURSOR - 086-parvicursor.jpg
87 - PENTACERATOPS - 087-pentaceratops.jpg
88 - PISANOSAURUS - 088-pisanosaurus.jpg
89 - PRADHANIA - 089-pradhania.jpg
90 - PREONDACTYLUS - 090-preondactylus.jpg
91 - PROCOMPSOGNATHUS - 091-procompsognathus.jpg
92 - PYCNONEMOSAURUS - 092-pycnonemosaurus.jpg
93 - QANTASSAURUS - 093-qantassaurus.jpg
94 - RUBEOSAURUS - 094-rubeosaurus.jpg
95 - SALTRIOVENATOR - 095-saltriovenator.jpg
96 - SANPASAURUS - 096-sanpasaurus.jpg
97 - SATURNALIA - 097-saturnalia.jpg
98 - SCIURUMIMUS - 098-sciurumimus.jpg
99 - SEELEYOSAURUS - 099-seeleyosaurus.jpg
100 - SHANYANGOSAURUS - 100-shanyangosaurus.jpg
101 - SHUNOSAURUS - 101-shunosaurus.jpg
102 - SIAMOTYRANNUS - 102-siamotyrannus.jpg
103 - SPINOPHOROSAURUS - 103-spinophorosaurus.jpg
104 - STOKESOSAURUS - 104-stokesosaurus.jpg
105 - SUGIYAMASAURUS - 105-sugiyamasaurus.jpg
106 - TEHUELCHESAURUS - 106-tehuelchesaurus.jpg
107 - THALASSODROMEUS - 107-thalassodromeus.jpg
108 - THECODONTOSAURUS - 108-thecodontosaurus.jpg
109 - TITANOCERATOPS - 109-titanoceratops.jpg
110 - TOCHISAURUS - 110-tochisaurus.jpg
111 - TONOUCHISAURUS - 111-tonouchisaurus.jpg
112 - TRINISAURA - 112-trinisaura.jpg
113 - UNENLAGIA - 113-unenlagia.jpg
114 - VOUIVRIA - 114-vouivria.jpg
115 - WANNANOSAURUS - 115-wannanosaurus.jpg
116 - WELLNHOFERIA - 116-wellnhoferia.jpg
117 - WESTPHALIASAURUS - 117-westphaliasaurus.jpg
118 - YIXIANOSAURUS - 118-yixianosaurus.jpg
119 - YUEOSAURUS - 119-yueosaurus.jpg
120 - YUNNANOSAURUS - 120-yunnanosaurus.jpg
121 - ZAPSALIS - 121-zapsalis.jpg
122 - ZHONGORNIS - 122-zhongornis.jpg
